,graph1,graph2
0,2.0,4.0
1,6.0,8.0
2,-0.4555005597338746,-0.5911299581607303
3,0.00319769568729456,-1.0884919143329912
4,-0.8169465970015329,-0.5600246422458602
5,-0.6771650107493754,-1.5893945305595898
6,-0.5162647405610731,0.002387418414825441
7,0.6668250289700502,-1.5577846348887865
8,0.1035834307798085,1.1085466670750501
